proteinChange	mutationType	cohort
E545Q	Missense_Mutation	TCGA-LUAD
R222L	Missense_Mutation	TCGA-LUAD
I759N	Missense_Mutation	TCGA-LUAD
T751_I759delinsN	In_Frame_Del	TCGA-LUAD
R377S	Missense_Mutation	TCGA-LUAD
L833F	Missense_Mutation	TCGA-LUAD
L861Q	Missense_Mutation	TCGA-LUAD
G721V	Missense_Mutation	TCGA-LUAD
E746_A750del	In_Frame_Del	TCGA-LUAD
L858R	Missense_Mutation	TCGA-LUAD
D770_N771insGL	In_Frame_Ins	TCGA-LUAD
L62R	Missense_Mutation	TCGA-LUAD
A767_V769dup	In_Frame_Ins	TCGA-LUAD
G719C	Missense_Mutation	TCGA-LUAD
S768I	Missense_Mutation	TCGA-LUAD
T790M	Missense_Mutation	TCGA-LUAD
X210_splice	Splice_Region	TCGA-LUAD
L833V	Missense_Mutation	TCGA-LUAD
K754_I759del	In_Frame_Del	TCGA-LUAD
G719A	Missense_Mutation	TCGA-LUAD
H773dup	In_Frame_Ins	TCGA-LUAD
E866K	Missense_Mutation	TCGA-LUAD
E709_T710delinsD	In_Frame_Del	TCGA-LUAD
L747_T751del	In_Frame_Del	TCGA-LUAD
V300M	Missense_Mutation	TCGA-LUAD
K754E	Missense_Mutation	TCGA-LUAD
L747_E749del	In_Frame_Del	TCGA-LUAD
Q486*	Nonsense_Mutation	TCGA-LUAD
L747_A750delinsP	In_Frame_Del	TCGA-LUAD
L387M	Missense_Mutation	TCGA-LUAD
D1083Efs*11	Frame_Shift_Del	TCGA-LUAD
Q432H	Missense_Mutation	TCGA-LUAD
K754I	Missense_Mutation	TCGA-LUAD
G901V	Missense_Mutation	TCGA-LUAD
L907M	Missense_Mutation	TCGA-LUAD
S921R	Missense_Mutation	TCGA-LUAD
I91V	Missense_Mutation	TCGA-LUAD
R1052I	Missense_Mutation	TCGA-LUAD
G627*	Nonsense_Mutation	TCGA-LUAD
L858R	Missense_Mutation	OncoSG
L62R	Missense_Mutation	OncoSG
L747_P753delinsS	In_Frame_Del	OncoSG
I759M	Missense_Mutation	OncoSG
E746_T751delinsA	In_Frame_Del	OncoSG
E746_A750del	In_Frame_Del	OncoSG
V769_D770insSSV	In_Frame_Ins	OncoSG
E746_S752delinsA	In_Frame_Del	OncoSG
S768_D770dup	In_Frame_Ins	OncoSG
L861Q	Missense_Mutation	OncoSG
T751Nfs*4	Frame_Shift_Del	OncoSG
T790M	Missense_Mutation	OncoSG
E709_T710delinsD	In_Frame_Del	OncoSG
X762_splice	Splice_Region	OncoSG
L833F	Missense_Mutation	OncoSG
A767_V769dup	In_Frame_Ins	OncoSG
G719S	Missense_Mutation	OncoSG
S768I	Missense_Mutation	OncoSG
L747_S752del	In_Frame_Del	OncoSG
V843I	Missense_Mutation	OncoSG
H870R	Missense_Mutation	OncoSG
L833V	Missense_Mutation	OncoSG
R748Hfs*15	Frame_Shift_Del	OncoSG
V769L	Missense_Mutation	OncoSG
G719C	Missense_Mutation	OncoSG
D256Y	Missense_Mutation	OncoSG
G724A	Missense_Mutation	OncoSG
H835L	Missense_Mutation	OncoSG
L747_A750del	In_Frame_Del	OncoSG
V834L	Missense_Mutation	OncoSG
L747_E749del	In_Frame_Del	OncoSG
V774M	Missense_Mutation	OncoSG
L707W	Missense_Mutation	OncoSG
E548Q	Missense_Mutation	OncoSG
L747_T751del	In_Frame_Del	OncoSG
E709A	Missense_Mutation	OncoSG
R973L	Missense_Mutation	OncoSG
A566S	Missense_Mutation	OncoSG
